16;button-positive_png$e2d8c804b80bd627a328b49aac645a3e-727695213
31;buyButton_png$360ba7d2547d196a47716679804036e1-1565431473
13;fluff_png$8009b45490aa71d4d6de6b5958da7de8-881217834
3;bg_jpg$1646a35261c7266ffbef04be09029d26-1469197075
2;Verdana_ttf$767177d9989c7323c60db8a483bd906b-639850078
25;aeon_desktop_png$fd30ebecc9de4259548b3eff677a9615811270930
30;text_input_png$a3aa02bc4be5076b98887fbc5f3486682078710351
24;lang_json$a96c32d35987e511add5ff79f4dafcea-680055981
7;fb_login_png$3d3983d314250bf080e08a763837e23a-356976707
12;font20_png$0991e44fa0a23d210f8523c759fdf6b81026475043
8;font26_fnt$13def1ab1eb63360876d1a00d4fe4b05-1315505421
22;box-normal_png$30e9acd042957ef087385a2bba2ba70d1328019000
26;aeon_desktop_xml$f4014733193163bd14d38c617b03e4b9-1128860857
5;font26_png$81dcd8114b82b50fa299593f12acc6571031489849
18;box-highlight_png$a766405f62e02a55cbf3934cb7e4816e-1138485615
20;sale_sticker_png$43ede89375c6c714b52a3573b2d869fb-1325375524
23;cache_json$f0170aad834e758c8de1f3455e70ad5c919569007
28;getFluxNowButton_png$552f213e6e2ca80ccf2562039d6be9651543949592
6;logoGlow_png$aa9b64f0fdde3e77d2b09005ba381fa2-710111505
21;logo_png$e03952a1e01a02b5a9ddca995ed5dbd6-1121626950
15;button-highlight_png$d96734f88ddb7327c79875481d9f706f-837112984
17;button-normal_png$d231ad0051cecf606c267c90e39622ba-149620799
11;button-warning_png$3c979eb44c83235f49fd03db994028d2478757632
1;Russo_One_ttf$106c15525f996d3d73a9291202e5dc2e1347241993
10;font13_fnt$d1d9d1eb86279d420c83993adde6f1f5-1279943715
9;font13_png$f99c788e150a7fb728a1afa3522533841062762015
4;fb_sale_lg_png$dbd18565b7c3602c557a609efcc02c671809285367
14;star_png$5932d6c6c830a168d2cc9440a5cf580c-2017582767
19;font20_fnt$b4b8495c9ec5202bee83b35c143f4fa4-1312616967
0;RymdenRunt
